Timestamp,pH,Temperature,Ammonia,ORP,Water_Level,BOD,COD,DO
2024-01-01 00:00:00,8.5,32.2,3.296000000000001,246.2,1.74,2.84,48.39,9.156
2024-01-01 12:00:00,7.888,30.0,5.0,88.8,2.8,4.06,,8.930857142857144
2024-01-02 00:00:00,8.5,27.8,3.6500000000000004,206.5,2.61,5.6,13.92,8.641714285714286
2024-01-02 12:00:00,8.5,25.4,3.3180000000000005,211.1,2.97,6.54,11.76,8.474285714285715
2024-01-03 00:00:00,,,,352.6,2.51,9.2,17.41,
2024-01-03 12:00:00,8.5,25.9,2.7639999999999993,241.3,1.79,5.59,31.65,8.66
2024-01-04 00:00:00,8.5,32.2,4.558000000000001,183.1,2.18,5.51,35.82,8.622
2024-01-04 12:00:00,8.5,26.6,0.05,391.9,2.32,1.45,11.82,9.482000000000001
2024-01-05 00:00:00,7.888,25.7,5.0,88.8,1.16,1.31,47.84,9.517714285714286
2024-01-05 12:00:00,8.5,26.9,3.7319999999999998,197.9,2.09,5.96,43.69,8.577428571428571
2024-01-06 00:00:00,7.647,24.5,5.0,64.7,2.42,4.94,21.86,8.802
2024-01-06 12:00:00,8.5,31.2,1.9400000000000004,309.0,1.33,8.55,13.09,8.022571428571428
2024-01-07 00:00:00,8.5,27.5,0.32399999999999984,371.3,2.56,2.45,16.8,9.274285714285714
2024-01-07 12:00:00,8.5,23.5,4.390000000000001,148.0,2.17,1.22,15.08,9.554571428571428
2024-01-08 00:00:00,8.5,33.5,1.342,350.4,2.9,5.04,14.93,8.704857142857144
2024-01-08 12:00:00,8.5,25.8,4.534,152.3,1.08,,30.74,
2024-01-09 00:00:00,8.5,28.2,0.44399999999999995,368.8,1.53,1.45,19.83,9.468285714285715
2024-01-09 12:00:00,8.5,33.6,2.0820000000000007,313.9,2.2,7.52,24.33,8.208
2024-01-10 00:00:00,8.5,29.4,1.3059999999999996,331.7,1.59,2.0,49.58,9.347999999999999
2024-01-10 12:00:00,7.563,21.8,5.0,56.3,2.43,6.47,37.37,8.519142857142857
2024-01-11 00:00:00,8.5,34.1,0.6699999999999999,387.0,2.52,3.53,47.96,9.001714285714286
2024-01-11 12:00:00,8.5,29.4,1.8539999999999996,304.3,1.21,2.56,15.7,9.235999999999999
2024-01-12 00:00:00,8.5,25.0,4.366,156.7,2.03,4.42,,8.901714285714286
2024-01-12 12:00:00,8.5,22.1,0.40400000000000036,340.3,2.02,8.21,32.19,8.168571428571429
2024-01-13 00:00:00,8.485,31.9,5.0,148.5,1.74,4.53,13.07,8.820571428571428
2024-01-13 12:00:00,8.5,29.3,0.8199999999999998,355.5,2.87,7.76,10.17,8.196857142857143
2024-01-14 00:00:00,,,,89.4,2.66,2.13,36.82,
2024-01-14 12:00:00,8.5,33.4,2.4139999999999997,296.3,2.39,7.95,35.67,8.123714285714286
2024-01-15 00:00:00,8.5,31.8,3.3960000000000004,239.2,2.43,3.13,26.43,9.101428571428572
2024-01-15 12:00:00,7.838,22.3,5.0,83.8,1.92,7.1,,8.388857142857143
2024-01-16 00:00:00,8.3694,24.7,4.776,134.7,2.84,6.09,26.62,8.570285714285715
2024-01-16 12:00:00,7.543,23.7,5.0,54.3,2.39,9.36,10.96,7.924857142857142
2024-01-17 00:00:00,8.5,31.2,3.838,214.1,2.46,4.49,23.41,8.83457142857143
2024-01-17 12:00:00,8.5,20.5,3.942,155.4,2.72,,17.08,
2024-01-18 00:00:00,8.5,28.5,2.6620000000000004,259.4,1.55,1.17,13.94,9.521714285714285
2024-01-18 12:00:00,8.5,31.4,5.0,154.0,2.61,8.44,48.27,8.042857142857143
2024-01-19 00:00:00,8.5,33.2,5.0,155.0,1.39,5.72,33.97,8.571428571428571
2024-01-19 12:00:00,8.5,25.1,1.3079999999999994,310.1,1.69,7.98,39.15,8.188857142857144
2024-01-20 00:00:00,7.668,32.3,5.0,66.8,1.67,3.11,22.61,9.101142857142857
2024-01-20 12:00:00,8.5,21.7,0.05,366.0,2.96,4.11,25.73,8.992
2024-01-21 00:00:00,8.5,32.7,1.3040000000000003,348.3,2.71,1.27,19.48,9.465714285714286
2024-01-21 12:00:00,8.5,21.9,1.5160000000000005,283.7,2.4,9.65,13.88,7.882285714285715
2024-01-22 00:00:00,8.5,26.0,2.448,257.6,2.45,7.01,17.16,8.375142857142858
2024-01-22 12:00:00,8.5,32.0,0.9539999999999997,362.3,2.12,9.4,41.9,7.845714285714286
2024-01-23 00:00:00,8.1568,22.2,4.922000000000001,114.9,2.89,3.39,37.1,9.131714285714285
2024-01-23 12:00:00,7.776,23.4,5.0,77.6,1.99,,,
2024-01-24 00:00:00,8.338000000000001,30.8,5.0,133.8,1.76,7.11,29.0,8.314
2024-01-24 12:00:00,8.5,30.8,1.5179999999999998,328.1,1.33,3.86,46.9,8.964
2024-01-25 00:00:00,7.621,29.6,5.0,62.1,2.57,8.63,12.91,8.020285714285713
2024-01-25 12:00:00,8.5,30.4,2.96,254.0,2.47,,21.22,
2024-01-26 00:00:00,8.5,28.1,0.05,398.4,1.77,8.96,24.0,7.967142857142857
2024-01-26 12:00:00,8.5,23.8,0.3900000000000001,349.5,1.05,7.65,41.3,8.265999999999998
2024-01-27 00:00:00,8.5,25.2,2.8699999999999997,232.5,2.68,3.5,49.7,9.084000000000001
2024-01-27 12:00:00,7.723,22.7,5.0,72.3,1.02,3.53,19.63,9.099428571428572
2024-01-28 00:00:00,8.5,33.6,1.54,341.0,2.41,9.67,44.97,7.778
2024-01-28 12:00:00,8.5,28.8,2.688,259.6,2.94,1.09,43.22,9.535142857142857
2024-01-29 00:00:00,7.902,26.0,5.0,90.2,1.88,7.44,18.99,8.289142857142858
2024-01-29 12:00:00,7.829,26.9,5.0,82.9,1.47,,25.97,
2024-01-30 00:00:00,8.5,34.2,1.052000000000001,368.4,2.41,6.6,26.39,8.386857142857142
2024-01-30 12:00:00,8.5,22.3,1.5459999999999998,284.2,2.63,9.91,49.13,7.8268571428571425
2024-01-31 00:00:00,8.5,28.8,1.0740000000000003,340.3,2.09,3.81,17.24,8.991142857142856
2024-01-31 12:00:00,8.5,27.6,0.6079999999999992,357.6,2.93,4.06,41.97,8.951428571428572
2024-02-01 00:00:00,8.5,29.2,2.918,250.1,1.1,1.71,23.37,9.407714285714285
2024-02-01 12:00:00,8.5,20.3,2.4080000000000004,231.1,2.01,4.99,39.23,8.828000000000001
2024-02-02 00:00:00,8.5,33.1,4.298000000000001,200.6,2.44,3.35,26.8,9.046285714285714
2024-02-02 12:00:00,8.5,34.0,5.0,160.9,2.73,4.09,33.13,8.890571428571429
2024-02-03 00:00:00,8.5,28.5,3.8080000000000003,202.1,1.36,8.51,43.3,8.053714285714285
2024-02-03 12:00:00,8.5,30.4,1.6220000000000008,320.9,2.6,9.42,42.17,7.855428571428572
2024-02-04 00:00:00,8.5,33.8,3.1660000000000004,260.7,2.11,2.67,44.66,9.176285714285713
2024-02-04 12:00:00,8.5,30.6,0.8120000000000012,362.4,1.79,4.35,,8.867714285714287
2024-02-05 00:00:00,8.5,22.3,3.126,205.2,1.26,9.36,37.68,7.936857142857143
2024-02-05 12:00:00,8.5,28.6,2.6100000000000003,262.5,2.73,1.56,15.6,9.442857142857143
2024-02-06 00:00:00,8.5,29.1,2.49,271.0,1.31,1.83,,9.384571428571428
2024-02-06 12:00:00,8.5,26.4,2.4979999999999998,257.1,1.62,2.47,31.94,9.279714285714286
2024-02-07 00:00:00,8.5,31.0,2.182000000000001,295.9,1.58,6.36,26.11,8.462285714285715
2024-02-07 12:00:00,,,,133.1,2.74,2.35,30.78,
2024-02-08 00:00:00,8.5,33.9,3.804,229.3,2.35,9.71,49.86,7.767428571428571
2024-02-08 12:00:00,7.865,26.8,5.0,86.5,2.59,5.02,15.41,8.766285714285715
2024-02-09 00:00:00,8.5,21.7,3.4779999999999998,184.6,1.5,5.51,37.02,8.712
2024-02-09 12:00:00,8.5,34.8,4.066000000000001,220.7,2.25,3.22,25.84,9.057714285714285
2024-02-10 00:00:00,8.5,32.6,2.6939999999999995,278.3,2.14,5.24,15.32,8.672571428571429
2024-02-10 12:00:00,8.5,21.9,0.05,382.7,2.67,6.96,16.35,8.420285714285715
2024-02-11 00:00:00,8.5,33.8,3.176,260.2,2.81,7.76,47.97,8.158285714285714
2024-02-11 12:00:00,8.5,33.0,2.094,310.3,1.02,7.78,,8.161142857142856
2024-02-12 00:00:00,8.5,27.8,3.2360000000000007,227.2,2.35,6.2,46.28,8.521714285714285
2024-02-12 12:00:00,8.5,28.9,2.4520000000000004,271.9,1.1,9.14,49.66,7.9242857142857135
2024-02-13 00:00:00,7.748,26.0,5.0,74.8,2.1,8.36,18.33,8.105142857142857
2024-02-13 12:00:00,8.46,20.8,4.3,139.0,1.58,7.81,24.22,8.259714285714287
2024-02-14 00:00:00,8.5,25.0,3.968,176.6,1.61,1.5,36.77,9.485714285714286
2024-02-14 12:00:00,8.5,32.0,3.8920000000000003,215.4,1.71,1.06,29.35,9.513714285714286
2024-02-15 00:00:00,7.66,20.1,5.0,66.0,2.24,2.91,26.74,9.245714285714286
2024-02-15 12:00:00,7.99,25.0,5.0,99.0,1.67,6.97,24.31,8.391714285714286
2024-02-16 00:00:00,8.5,26.0,4.662,146.9,2.47,4.7,33.75,8.837142857142858
2024-02-16 12:00:00,8.5,28.1,0.05,390.0,1.81,4.62,33.02,8.835142857142857
2024-02-17 00:00:00,8.5,33.8,5.0,166.0,1.14,8.96,16.46,7.918285714285714
2024-02-17 12:00:00,8.5,25.2,3.1460000000000004,218.7,2.57,9.06,28.87,7.972
2024-02-18 00:00:00,,,,118.6,1.57,9.18,32.14,
2024-02-18 12:00:00,8.5,31.1,2.8339999999999996,263.8,1.87,3.82,32.81,8.969428571428573
2024-02-19 00:00:00,8.5,26.8,4.716,148.2,2.37,,18.4,
2024-02-19 12:00:00,8.2348,23.4,4.8919999999999995,122.4,1.66,3.44,,9.11142857142857
2024-02-20 00:00:00,8.5,26.8,3.0639999999999996,230.8,1.11,2.72,11.01,9.226285714285714
2024-02-20 12:00:00,,,,51.9,1.75,2.66,24.19,
2024-02-21 00:00:00,7.527,22.6,5.0,52.7,2.89,4.08,41.21,8.990285714285713
2024-02-21 12:00:00,8.267,27.5,5.0,126.7,2.28,4.87,32.56,8.790285714285714
2024-02-22 00:00:00,7.629,26.3,5.0,62.9,2.34,8.48,20.45,8.07857142857143
2024-02-22 12:00:00,7.878,33.7,5.0,87.8,2.26,2.08,37.8,9.295142857142856
2024-02-23 00:00:00,8.5,25.4,4.168,168.6,1.4,7.61,32.7,8.260285714285715
2024-02-23 12:00:00,8.5,28.7,1.2520000000000007,330.9,1.84,5.78,41.85,8.597999999999999
2024-02-24 00:00:00,8.5,29.5,2.9460000000000006,250.2,2.5,3.59,39.4,9.029142857142856
2024-02-24 12:00:00,8.5,20.2,2.432,229.4,1.2,5.44,34.4,8.738857142857142
2024-02-25 00:00:00,8.5,30.0,4.946,152.7,1.56,3.7,29.53,9.002857142857144
2024-02-25 12:00:00,8.5,22.7,0.05,376.1,1.55,6.36,15.33,8.533428571428571
2024-02-26 00:00:00,8.5,34.4,4.66,189.0,1.86,4.9,20.45,8.725142857142856
2024-02-26 12:00:00,7.805,22.2,5.0,80.5,2.96,2.48,26.76,9.313714285714285
2024-02-27 00:00:00,8.5,26.2,2.3,266.0,1.14,2.05,33.97,9.365428571428572
2024-02-27 12:00:00,7.898,21.3,5.0,89.8,2.04,5.92,30.55,8.633428571428572
2024-02-28 00:00:00,8.5,35.0,5.0,170.8,1.36,9.12,21.53,7.8759999999999994
2024-02-28 12:00:00,8.5,27.5,3.1980000000000004,227.6,2.94,4.1,10.26,8.944285714285714
2024-02-29 00:00:00,,,,356.0,1.23,7.6,29.85,
2024-02-29 12:00:00,8.5,21.0,2.6460000000000004,222.7,1.81,6.93,21.43,8.434000000000001
2024-03-01 00:00:00,8.5,31.2,2.2039999999999997,295.8,2.48,9.38,39.38,7.856571428571429
2024-03-01 12:00:00,8.5,23.1,0.05,397.5,2.41,8.39,10.96,8.123999999999999
2024-03-02 00:00:00,7.96,33.5,5.0,96.0,1.85,6.1,33.39,8.492857142857142
2024-03-02 12:00:00,8.5,23.1,4.386,146.2,1.69,6.91,47.66,8.42
2024-03-03 00:00:00,8.5,22.9,3.528,188.1,1.8,9.09,16.98,7.985714285714286
2024-03-03 12:00:00,8.5,20.5,3.0980000000000003,197.6,1.53,4.6,28.87,8.904285714285715
2024-03-04 00:00:00,8.5,27.1,3.8320000000000003,193.9,1.41,3.94,13.66,8.979714285714286
2024-03-04 12:00:00,8.5,28.5,0.496,367.7,1.97,1.1,35.03,9.535714285714285
2024-03-05 00:00:00,8.5,21.0,1.1020000000000008,299.9,1.54,8.44,32.02,8.132
2024-03-05 12:00:00,8.5,31.6,2.904,262.8,1.57,8.21,,8.087142857142858
2024-03-06 00:00:00,8.5,26.8,4.513999999999999,158.3,2.31,1.94,30.86,9.382285714285715
2024-03-06 12:00:00,8.5,27.9,1.024,338.3,2.94,6.19,45.86,8.522857142857143
2024-03-07 00:00:00,8.5,26.6,0.05,384.3,2.21,5.18,17.85,8.736
2024-03-07 12:00:00,8.5,26.0,0.8520000000000008,337.4,1.15,2.07,10.9,9.363142857142858
2024-03-08 00:00:00,7.505,28.4,5.0,50.5,1.15,9.83,44.47,7.790571428571428
2024-03-08 12:00:00,,,,272.7,2.9,2.93,33.08,
2024-03-09 00:00:00,7.679,22.7,5.0,67.9,1.59,1.61,45.63,9.483428571428572
2024-03-09 12:00:00,8.402,32.9,5.0,140.2,1.18,6.35,33.88,8.448
2024-03-10 00:00:00,7.708,34.2,5.0,70.8,2.2,7.65,42.41,8.176857142857141
2024-03-10 12:00:00,8.5,25.6,2.3340000000000005,261.3,2.25,,27.19,
2024-03-11 00:00:00,8.5,24.1,1.604,290.3,2.3,6.93,39.99,8.407428571428571
2024-03-11 12:00:00,7.901,29.7,5.0,90.1,1.53,5.79,46.52,8.587428571428571
2024-03-12 00:00:00,8.5,26.1,3.924,184.3,1.03,1.93,32.88,9.390285714285715
2024-03-12 12:00:00,8.5,20.4,2.846,209.7,2.93,2.55,17.23,9.315142857142858
2024-03-13 00:00:00,8.5,22.3,3.6460000000000004,179.2,1.5,6.11,20.75,8.586857142857143
2024-03-13 12:00:00,7.924,30.7,5.0,92.4,2.35,3.67,17.95,9.002857142857144
2024-03-14 00:00:00,8.5,29.9,4.058,196.6,2.41,9.44,19.87,7.855714285714287
2024-03-14 12:00:00,8.5,20.4,0.782,312.9,2.22,8.37,22.26,8.151142857142858
2024-03-15 00:00:00,7.7490000000000006,23.3,5.0,74.9,1.63,9.85,32.21,7.830285714285714
2024-03-15 12:00:00,7.781,23.5,5.0,78.1,1.54,3.34,33.52,9.130571428571429
2024-03-16 00:00:00,8.5,30.1,4.526,174.2,2.2,9.73,27.06,7.796000000000001
2024-03-16 12:00:00,8.5,20.3,0.05,379.6,2.73,4.88,34.62,8.850000000000001
2024-03-17 00:00:00,8.5,21.6,1.4800000000000004,284.0,2.89,4.13,13.26,8.988857142857142
2024-03-17 12:00:00,8.5,32.0,2.45,287.5,1.21,1.45,13.51,9.435714285714287
2024-03-18 00:00:00,8.5,22.7,3.736,176.7,1.31,1.47,16.87,9.51142857142857
2024-03-18 12:00:00,8.5,29.8,2.824,257.8,2.89,,30.72,
2024-03-19 00:00:00,7.535,23.6,5.0,53.5,2.47,5.12,18.56,8.773714285714284
2024-03-19 12:00:00,8.5,21.5,1.697999999999999,272.6,2.77,3.04,21.33,9.207714285714285
2024-03-20 00:00:00,8.5,23.6,0.05,369.7,1.41,6.53,26.01,8.491714285714284
2024-03-20 12:00:00,8.5,30.8,2.7920000000000007,264.4,2.18,3.28,42.47,9.08
2024-03-21 00:00:00,8.5,32.8,1.1639999999999993,355.8,2.4,6.2,10.55,8.478857142857143
2024-03-21 12:00:00,8.5,32.5,2.1820000000000004,303.4,2.36,4.23,35.98,8.875428571428571
2024-03-22 00:00:00,7.922,26.0,5.0,92.2,1.82,8.41,36.76,8.095142857142857
2024-03-22 12:00:00,8.5,30.0,0.6820000000000004,365.9,1.03,8.39,41.95,8.064857142857143
2024-03-23 00:00:00,7.733,23.1,5.0,73.3,2.17,5.3,47.31,8.741999999999999
2024-03-23 12:00:00,,,,236.9,1.51,4.16,10.81,
2024-03-24 00:00:00,7.997,33.4,5.0,99.7,1.9,4.26,16.15,8.861714285714285
2024-03-24 12:00:00,7.541,20.2,5.0,54.1,2.92,,45.45,
2024-03-25 00:00:00,8.5,21.3,3.1760000000000006,197.7,1.8,3.95,28.34,9.027428571428572
2024-03-25 12:00:00,8.5,23.1,4.244,153.3,2.68,2.88,32.58,9.225999999999999
2024-03-26 00:00:00,8.5,20.4,2.638,220.1,1.38,1.76,36.52,9.473142857142857
2024-03-26 12:00:00,8.5,22.7,2.23,252.0,2.34,5.2,37.16,8.765428571428572
2024-03-27 00:00:00,7.6530000000000005,28.7,5.0,65.3,2.95,5.34,47.27,8.686
2024-03-27 12:00:00,7.931,26.3,5.0,93.1,1.2,8.57,49.88,8.060571428571428
2024-03-28 00:00:00,8.5,33.4,3.4299999999999997,245.5,1.02,2.99,38.81,9.115714285714285
2024-03-28 12:00:00,8.5,32.3,4.827999999999999,170.1,1.87,4.43,21.49,8.837142857142858
2024-03-29 00:00:00,8.5,25.1,1.4060000000000001,305.2,1.19,,45.19,
2024-03-29 12:00:00,8.5,23.9,1.8239999999999994,278.3,2.5,8.41,11.97,8.113142857142856
2024-03-30 00:00:00,8.5,25.7,0.6500000000000004,346.0,2.83,4.46,19.24,8.887714285714287
2024-03-30 12:00:00,8.5,28.9,2.0420000000000003,292.4,1.87,,45.9,
2024-03-31 00:00:00,8.5,24.0,3.3900000000000006,200.5,1.52,3.73,20.25,9.048285714285713
2024-03-31 12:00:00,8.5,29.4,2.23,285.5,1.87,9.39,18.83,7.869999999999999
2024-04-01 00:00:00,8.4958,26.1,4.682,146.4,2.45,2.07,15.53,9.362285714285715
2024-04-01 12:00:00,8.5,28.3,4.686,157.2,1.02,9.4,44.36,7.877428571428571
2024-04-02 00:00:00,8.5,26.5,1.1280000000000001,326.1,2.18,7.15,30.0,8.342857142857143
2024-04-02 12:00:00,8.5,24.4,3.3160000000000003,206.2,2.23,5.78,,8.634857142857141
2024-04-03 00:00:00,8.5,34.2,1.8320000000000003,329.4,2.28,1.29,19.56,9.448857142857143
2024-04-03 12:00:00,8.5,31.5,1.3940000000000001,337.8,1.48,5.28,40.32,8.674
2024-04-04 00:00:00,8.5,22.1,0.20799999999999974,350.1,2.43,4.67,40.4,8.87657142857143
2024-04-04 12:00:00,8.5,33.0,0.8839999999999999,370.8,1.18,2.45,22.5,9.227142857142857
2024-04-05 00:00:00,8.5,27.3,3.7140000000000004,200.8,1.4,6.91,26.43,8.384
2024-04-05 12:00:00,8.5,33.4,5.0,161.6,2.75,9.74,18.39,7.765714285714285
2024-04-06 00:00:00,8.5,32.0,3.1239999999999997,253.8,2.48,6.06,49.06,8.513714285714286
2024-04-06 12:00:00,8.5,26.4,4.042,179.9,1.03,7.43,,8.287714285714285
2024-04-07 00:00:00,8.5,20.3,1.822000000000001,260.4,1.5,1.62,47.38,9.502
2024-04-07 12:00:00,8.5,24.0,1.46,297.0,1.43,4.76,22.14,8.842285714285714
2024-04-08 00:00:00,8.5,28.1,1.9920000000000009,290.9,1.54,2.05,41.28,9.349142857142857
2024-04-08 12:00:00,8.5,29.5,4.328,181.1,1.5,6.52,40.63,8.443142857142856
2024-04-09 00:00:00,8.084,23.9,5.0,108.4,1.13,9.45,37.67,7.905142857142857
2024-04-09 12:00:00,8.5,22.1,3.196,200.7,1.92,6.96,48.63,8.418571428571429
2024-04-10 00:00:00,7.9990000000000006,32.5,5.0,99.9,2.47,1.69,25.74,9.383428571428572
2024-04-10 12:00:00,8.5,34.8,1.2499999999999996,361.5,2.21,4.19,15.23,8.863714285714284
2024-04-11 00:00:00,8.5,27.9,4.368,171.1,2.35,5.96,36.87,8.568857142857143
2024-04-11 12:00:00,8.041,22.6,5.0,104.1,1.16,4.63,39.17,8.880285714285714
2024-04-12 00:00:00,7.589,24.1,5.0,58.9,2.9,8.5,33.0,8.093428571428571
2024-04-12 12:00:00,8.5,20.3,1.5099999999999998,276.0,2.68,8.33,18.27,8.16
2024-04-13 00:00:00,8.5,33.7,2.9120000000000013,272.9,2.61,6.51,30.18,8.409142857142857
2024-04-13 12:00:00,8.5,21.8,3.7960000000000003,169.2,2.65,4.36,22.49,8.941142857142857
2024-04-14 00:00:00,7.751,28.6,5.0,75.1,2.87,3.3,27.1,9.094857142857142
2024-04-14 12:00:00,8.5,24.1,3.542,193.4,2.09,1.95,35.81,9.40342857142857
2024-04-15 00:00:00,8.5,28.3,4.651999999999999,158.9,1.4,4.19,39.81,8.919428571428572
2024-04-15 12:00:00,8.5,29.8,2.24,287.0,2.23,4.72,19.29,8.800571428571427
2024-04-16 00:00:00,8.5,32.4,3.0,262.0,2.49,7.08,26.21,8.306285714285714
2024-04-16 12:00:00,8.5,23.1,3.758,177.6,2.48,6.92,20.77,8.418
2024-04-17 00:00:00,8.313600000000001,20.2,4.494,126.3,2.04,1.63,17.95,9.500857142857143
2024-04-17 12:00:00,8.5,22.1,0.05,395.8,1.14,4.56,41.34,8.89857142857143
2024-04-18 00:00:00,8.5,33.5,4.172000000000001,208.9,1.74,2.64,46.37,9.184857142857142
2024-04-18 12:00:00,8.5,33.1,2.492000000000001,290.9,2.84,2.41,24.81,9.234285714285715
2024-04-19 00:00:00,7.992,29.0,5.0,99.2,2.17,8.45,40.05,8.061428571428571
2024-04-19 12:00:00,8.5,29.0,3.5,220.0,2.08,1.38,45.88,9.475428571428571
2024-04-20 00:00:00,7.596,30.0,5.0,59.6,1.54,4.77,43.84,8.788857142857143
2024-04-20 12:00:00,8.5,22.6,2.722,226.9,1.74,2.51,17.31,9.304285714285713
2024-04-21 00:00:00,8.5,33.7,0.6220000000000012,387.4,2.79,8.91,48.25,7.929142857142857
2024-04-21 12:00:00,8.5,26.3,3.9400000000000004,184.5,2.33,6.01,25.07,8.572571428571429
2024-04-22 00:00:00,7.636,25.7,5.0,63.6,2.57,3.08,23.57,9.163714285714287
2024-04-22 12:00:00,7.608,27.8,5.0,60.8,1.91,5.52,12.5,8.657714285714286
2024-04-23 00:00:00,8.5,20.7,3.3539999999999996,185.8,2.26,7.58,29.45,8.306571428571429
2024-04-23 12:00:00,8.06,22.5,5.0,106.0,1.5,9.62,14.36,7.8831428571428575
2024-04-24 00:00:00,7.582,31.1,5.0,58.2,2.41,2.98,19.94,9.137428571428572
2024-04-24 12:00:00,8.5,21.2,0.8260000000000005,314.7,1.86,8.98,22.68,8.022285714285715
2024-04-25 00:00:00,8.5,29.0,3.6900000000000004,210.5,1.89,9.41,42.35,7.869428571428571
2024-04-25 12:00:00,8.5,23.7,4.346,151.2,2.3,9.25,45.02,7.946857142857143
2024-04-26 00:00:00,8.5,25.8,0.28000000000000025,365.0,2.87,6.72,22.1,8.434857142857144
2024-04-26 12:00:00,7.906,24.3,5.0,90.6,1.13,6.67,44.35,8.457714285714285
2024-04-27 00:00:00,8.5,25.3,0.05,384.6,2.65,4.63,44.29,8.857142857142858
2024-04-27 12:00:00,8.5,30.8,4.882,159.9,1.58,7.77,40.59,8.182
2024-04-28 00:00:00,8.5,24.5,0.2320000000000002,360.9,1.89,5.78,15.87,8.633999999999999
2024-04-28 12:00:00,8.5,28.5,2.6300000000000003,261.0,1.04,7.1,37.61,8.335714285714285
2024-04-29 00:00:00,8.5,27.1,0.9239999999999999,339.3,1.6,4.86,47.8,8.795714285714286
2024-04-29 12:00:00,8.5,30.0,0.1120000000000001,394.4,2.01,,37.3,
2024-04-30 00:00:00,8.5,34.1,5.0,150.9,1.11,8.42,23.26,8.023714285714284
2024-04-30 12:00:00,8.5,31.0,0.37200000000000033,386.4,1.98,2.32,30.02,9.270285714285714
2024-05-01 00:00:00,8.5,23.2,3.5939999999999994,186.3,2.85,8.5,35.83,8.101142857142857
2024-05-01 12:00:00,8.5,20.5,3.352,184.9,1.21,5.86,30.42,8.652285714285714
2024-05-02 00:00:00,8.5,23.9,4.008,169.1,2.53,8.6,14.8,8.075142857142856
2024-05-02 12:00:00,8.5,28.9,3.1,239.5,1.82,4.88,22.48,8.776285714285713
2024-05-03 00:00:00,,,,104.0,2.31,4.41,42.1,
2024-05-03 12:00:00,,,,243.8,1.52,9.24,44.46,
2024-05-04 00:00:00,8.5,29.0,3.1080000000000005,239.6,1.32,3.26,15.49,9.099428571428572
2024-05-04 12:00:00,8.5,25.0,1.1660000000000004,316.7,1.32,8.6,48.1,8.065714285714286
2024-05-05 00:00:00,8.5,31.6,1.3239999999999998,341.8,1.14,5.36,23.15,8.657142857142858
2024-05-05 12:00:00,8.5,21.6,3.0760000000000005,204.2,1.37,5.63,36.49,8.688857142857144
2024-05-06 00:00:00,8.5,21.1,3.994,155.8,2.33,3.78,40.07,9.063142857142857
2024-05-06 12:00:00,8.408,30.9,5.0,140.8,2.76,6.16,42.48,8.503142857142858
2024-05-07 00:00:00,,,,118.1,2.63,3.93,47.83,
2024-05-07 12:00:00,,,,70.2,2.37,1.35,22.52,
2024-05-08 00:00:00,8.5,26.5,4.252000000000001,169.9,1.22,3.45,44.34,9.082857142857144
2024-05-08 12:00:00,8.4982,23.7,4.478,144.6,1.58,1.06,15.27,9.584857142857143
2024-05-09 00:00:00,8.5,32.3,0.46599999999999975,388.2,1.62,9.81,38.2,7.761142857142858
2024-05-09 12:00:00,8.5,32.0,3.2960000000000003,245.2,1.5,9.69,39.68,7.787714285714286
2024-05-10 00:00:00,8.5,30.4,4.609999999999999,171.5,2.03,4.56,37.11,8.827428571428573
2024-05-10 12:00:00,8.5,24.1,2.346,253.2,2.07,7.56,20.09,8.28142857142857
2024-05-11 00:00:00,7.987,28.9,5.0,98.7,1.71,4.11,44.92,8.930285714285713
2024-05-11 12:00:00,8.5,25.4,3.4319999999999995,205.4,1.71,7.04,16.75,8.374285714285715
2024-05-12 00:00:00,8.5,21.4,1.7560000000000007,269.2,2.66,8.25,12.15,8.166571428571428
2024-05-12 12:00:00,8.5,33.8,3.958,221.1,2.58,9.52,38.7,7.806285714285714
2024-05-13 00:00:00,8.5,22.1,3.3980000000000006,190.6,1.62,4.6,29.02,8.890571428571429
2024-05-13 12:00:00,8.5,34.3,0.4739999999999993,397.8,2.83,8.05,43.96,8.096
2024-05-14 00:00:00,8.5,26.7,0.5079999999999991,358.1,2.91,3.39,25.34,9.093142857142857
2024-05-14 12:00:00,8.5,22.8,1.9160000000000004,268.2,1.65,9.91,16.73,7.822571428571428
2024-05-15 00:00:00,8.5,28.1,2.824,249.3,1.71,1.23,43.46,9.513142857142856
2024-05-15 12:00:00,8.5,33.1,2.966,267.2,2.01,6.43,31.96,8.430285714285715
2024-05-16 00:00:00,8.205,31.0,5.0,120.5,2.88,6.94,17.57,8.346285714285715
2024-05-16 12:00:00,,,,188.3,2.75,7.19,38.82,
2024-05-17 00:00:00,7.638,29.9,5.0,63.8,1.21,2.08,30.44,9.327714285714286
2024-05-17 12:00:00,8.5,30.4,3.7119999999999997,216.4,1.79,9.45,34.17,7.8494285714285725
2024-05-18 00:00:00,8.5,32.7,3.468000000000001,240.1,2.11,2.63,28.44,9.193714285714286
2024-05-18 12:00:00,8.3194,23.7,4.776,129.7,2.01,6.6,43.15,8.476857142857142
2024-05-19 00:00:00,8.5,27.3,0.05,387.4,1.39,3.0,,9.166
2024-05-19 12:00:00,8.5,23.3,0.05,368.3,2.72,3.76,38.38,9.048285714285713
2024-05-20 00:00:00,8.5,34.8,2.424,302.8,2.35,5.92,,8.517714285714286
2024-05-20 12:00:00,,,,236.7,2.68,4.75,43.55,
2024-05-21 00:00:00,8.5,20.6,0.05,354.5,2.72,2.44,36.84,9.335428571428572
2024-05-21 12:00:00,7.957,30.6,5.0,95.7,2.5,2.54,37.88,9.229714285714287
2024-05-22 00:00:00,8.5,33.9,1.8560000000000003,326.7,1.88,4.76,24.52,8.757428571428571
2024-05-22 12:00:00,7.937,22.7,5.0,93.7,2.22,7.82,45.17,8.241428571428571
2024-05-23 00:00:00,8.5,28.5,1.2899999999999996,328.0,1.32,9.08,39.01,7.9397142857142855
2024-05-23 12:00:00,8.465,33.7,5.0,146.5,2.35,1.76,14.5,9.359142857142857
2024-05-24 00:00:00,8.5,20.5,0.05,357.0,1.36,4.54,26.31,8.916285714285715
2024-05-24 12:00:00,8.5,30.5,0.4420000000000006,380.4,2.39,1.9,,9.358571428571429
2024-05-25 00:00:00,,,,102.1,1.46,1.15,11.89,
2024-05-25 12:00:00,8.5,33.9,4.151999999999999,211.9,1.24,6.96,48.46,8.317428571428572
2024-05-26 00:00:00,8.5,34.6,0.5939999999999999,393.3,1.33,6.42,37.17,8.41942857142857
2024-05-26 12:00:00,8.5,34.2,4.036000000000001,219.2,1.0,2.47,35.26,9.212857142857143
2024-05-27 00:00:00,8.5,27.1,0.6660000000000008,352.2,2.44,3.1,20.82,9.147714285714287
2024-05-27 12:00:00,8.5,32.9,3.1679999999999993,256.1,2.46,1.21,19.95,9.475999999999999
2024-05-28 00:00:00,8.5,32.7,4.642,181.4,2.03,8.51,47.68,8.017714285714286
2024-05-28 12:00:00,8.5,24.8,4.48,150.0,1.32,9.77,21.93,7.8334285714285725
2024-05-29 00:00:00,8.211,32.4,5.0,121.1,1.17,2.22,41.02,9.278285714285714
2024-05-29 12:00:00,8.5,20.6,0.7279999999999993,316.6,1.04,3.08,25.72,9.207428571428572
2024-05-30 00:00:00,8.5,28.9,4.183999999999999,185.3,1.33,8.82,15.57,7.9882857142857135
2024-05-30 12:00:00,8.5,23.5,2.772,228.9,2.78,9.34,10.43,7.930571428571428
2024-05-31 00:00:00,8.5,21.8,2.7339999999999995,222.3,1.48,4.78,,8.857142857142858
2024-05-31 12:00:00,8.5,21.2,2.08,252.0,1.71,1.46,49.03,9.526285714285715
2024-06-01 00:00:00,8.5,30.4,0.9799999999999995,353.0,1.21,1.35,24.77,9.469428571428573
2024-06-01 12:00:00,8.5,25.1,0.05,393.3,1.44,6.17,24.29,8.550857142857144
2024-06-02 00:00:00,8.5,30.9,4.236000000000001,192.7,2.04,4.54,23.76,8.827142857142858
2024-06-02 12:00:00,8.5,21.0,0.3079999999999994,339.6,2.22,1.26,30.82,9.568
2024-06-03 00:00:00,8.5,24.7,1.1179999999999999,317.6,1.49,6.25,27.63,8.538285714285715
2024-06-03 12:00:00,8.5,28.1,2.7960000000000003,250.7,1.12,1.1,45.2,9.539142857142856
2024-06-04 00:00:00,8.5,31.9,0.4979999999999989,384.6,1.78,8.09,30.22,8.108571428571429
2024-06-04 12:00:00,8.202,24.8,5.0,120.2,1.47,3.76,30.31,9.035428571428572
2024-06-05 00:00:00,7.882,29.4,5.0,88.2,1.44,1.36,15.53,9.475999999999999
2024-06-05 12:00:00,8.5,33.3,1.3520000000000003,348.9,2.92,6.3,49.31,8.454571428571429
2024-06-06 00:00:00,8.5,29.2,3.846,203.7,2.23,,20.0,
2024-06-06 12:00:00,8.5,23.5,0.42200000000000015,346.4,2.11,9.76,12.93,7.846571428571428
2024-06-07 00:00:00,8.5,20.4,0.05,362.6,1.83,5.9,36.53,8.645142857142858
2024-06-07 12:00:00,7.719,33.1,5.0,71.9,1.86,3.48,33.81,9.020285714285714
2024-06-08 00:00:00,8.5,20.3,0.05,359.2,2.08,7.38,26.61,8.350000000000001
2024-06-08 12:00:00,8.5,33.1,4.172000000000001,206.9,2.39,3.44,26.89,9.028285714285714
2024-06-09 00:00:00,8.5,27.9,3.216,228.7,2.4,9.14,41.4,7.932857142857142
2024-06-09 12:00:00,,,,269.3,1.34,4.37,17.83,
2024-06-10 00:00:00,8.5,32.0,0.7160000000000002,374.2,2.0,5.95,42.81,8.535714285714286
2024-06-10 12:00:00,7.567,35.0,5.0,56.7,1.82,1.46,35.95,9.408
2024-06-11 00:00:00,8.5,25.3,3.192,216.9,2.74,4.84,26.76,8.815142857142858
2024-06-11 12:00:00,8.5,31.5,2.3360000000000003,290.7,2.26,8.49,28.32,8.032
2024-06-12 00:00:00,8.5,26.0,1.5420000000000003,302.9,2.07,8.25,20.27,8.127142857142857
2024-06-12 12:00:00,8.5,27.2,1.8720000000000003,292.4,1.23,3.02,40.08,9.162857142857142
2024-06-13 00:00:00,7.971,29.4,5.0,97.1,2.21,3.03,30.51,9.142
2024-06-13 12:00:00,8.5,33.1,5.0,154.8,1.23,8.36,22.83,8.044285714285714
2024-06-14 00:00:00,8.5,34.8,4.968,175.6,1.67,9.37,33.84,7.827714285714285
2024-06-14 12:00:00,,,,331.6,1.29,1.86,49.83,
2024-06-15 00:00:00,8.5,26.3,4.678000000000001,147.6,2.38,5.05,27.41,8.76457142857143
2024-06-15 12:00:00,8.237,26.3,5.0,123.7,1.41,4.04,46.83,8.966571428571429
2024-06-16 00:00:00,8.5,31.1,0.4079999999999995,385.1,1.78,8.84,23.8,7.965428571428572
2024-06-16 12:00:00,7.531,23.6,5.0,53.1,2.79,1.75,12.19,9.447714285714286
2024-06-17 00:00:00,8.5,21.7,0.05,399.2,1.41,2.9,18.17,9.234
2024-06-17 12:00:00,8.5,25.3,1.7920000000000007,286.9,2.02,7.77,,8.229142857142858
2024-06-18 00:00:00,8.5,24.3,0.6300000000000003,340.0,1.84,1.46,18.79,9.499714285714285
2024-06-18 12:00:00,8.5,24.4,4.378,153.1,1.04,,10.01,
2024-06-19 00:00:00,7.55,23.5,5.0,55.0,2.59,4.98,46.6,8.802571428571428
2024-06-19 12:00:00,8.5,20.6,0.8939999999999997,308.3,1.14,4.01,43.76,9.021428571428572
2024-06-20 00:00:00,8.5,20.3,0.1900000000000004,342.0,1.95,4.55,39.69,8.916
2024-06-20 12:00:00,8.5,34.8,2.296,309.2,2.12,5.77,16.71,8.547714285714285
2024-06-21 00:00:00,8.0,26.4,5.0,100.0,2.26,2.45,14.81,9.283714285714286
2024-06-21 12:00:00,8.5,25.8,1.306,313.7,2.38,6.15,12.7,8.548857142857143
2024-06-22 00:00:00,8.5,30.2,1.6379999999999995,319.1,1.51,8.25,38.96,8.091142857142858
2024-06-22 12:00:00,8.5,23.3,1.7199999999999998,280.5,1.02,7.84,47.15,8.232285714285714
2024-06-23 00:00:00,8.5,34.2,2.0579999999999994,318.1,2.45,2.39,27.22,9.228857142857143
2024-06-23 12:00:00,8.5,31.8,1.2579999999999996,346.1,2.07,2.34,14.77,9.259428571428572
2024-06-24 00:00:00,8.5,21.3,1.834,264.8,2.67,3.41,30.5,9.135428571428571
2024-06-24 12:00:00,7.8100000000000005,26.3,5.0,81.0,2.64,4.25,23.95,8.92457142857143
2024-06-25 00:00:00,8.5,33.2,3.9060000000000006,220.7,2.69,4.68,24.99,8.779428571428571
2024-06-25 12:00:00,7.772,34.2,5.0,77.2,1.97,,34.85,
2024-06-26 00:00:00,8.5,27.0,3.8480000000000003,192.6,1.67,1.51,38.75,9.466571428571429
2024-06-26 12:00:00,8.5,29.2,4.07,192.5,2.58,1.31,14.42,9.487714285714285
2024-06-27 00:00:00,7.731,22.5,5.0,73.1,1.9,4.53,11.42,8.901142857142856
2024-06-27 12:00:00,8.5,34.9,5.0,172.1,1.37,7.27,49.77,8.246857142857142
2024-06-28 00:00:00,7.888,23.5,5.0,88.8,2.71,2.74,19.31,9.250571428571428
2024-06-28 12:00:00,8.5,34.1,1.7520000000000007,332.9,2.77,6.77,12.15,8.353714285714286
2024-06-29 00:00:00,8.5,29.7,0.33599999999999985,381.7,1.93,3.34,17.6,9.077428571428571
2024-06-29 12:00:00,7.753,29.1,5.0,75.3,1.15,8.97,11.56,7.9565714285714275
2024-06-30 00:00:00,8.5,27.7,0.08399999999999919,384.3,1.78,9.06,25.67,7.950571428571428
2024-06-30 12:00:00,8.5,23.5,2.6919999999999997,232.9,2.61,3.68,42.1,9.062571428571427
2024-07-01 00:00:00,8.5,22.6,4.164,154.8,2.8,3.07,23.65,9.192285714285713
2024-07-01 12:00:00,7.769,23.3,5.0,76.9,1.41,4.7,27.77,8.860285714285714
2024-07-02 00:00:00,8.5,22.8,2.7760000000000007,225.2,1.13,3.16,37.02,9.172571428571429
2024-07-02 12:00:00,8.5,31.7,1.6079999999999997,328.1,2.75,7.05,30.36,8.318285714285715
2024-07-03 00:00:00,8.5,25.3,1.58,297.5,1.78,8.43,44.46,8.097142857142858
2024-07-03 12:00:00,7.676,20.9,5.0,67.6,2.08,7.06,44.64,8.408857142857144
2024-07-04 00:00:00,7.755,34.5,5.0,75.5,2.94,8.42,,8.020285714285713
2024-07-04 12:00:00,8.5,33.3,4.51,191.0,1.13,4.57,41.12,8.800571428571429
2024-07-05 00:00:00,8.5,33.9,5.0,153.4,2.3,2.41,28.43,9.227428571428572
2024-07-05 12:00:00,,,,131.3,1.15,7.64,49.55,
2024-07-06 00:00:00,8.5,22.6,4.292,148.4,1.75,4.24,29.33,8.958285714285713
2024-07-06 12:00:00,8.5,25.9,0.9660000000000002,331.2,2.61,7.04,49.48,8.370000000000001
2024-07-07 00:00:00,8.5,31.4,0.6360000000000006,375.2,1.87,3.44,40.18,9.042857142857143
2024-07-07 12:00:00,8.5,30.4,4.204,191.8,2.99,1.73,19.94,9.393428571428572
2024-07-08 00:00:00,8.5,22.3,0.05,367.1,2.12,9.93,31.54,7.822857142857143
2024-07-08 12:00:00,8.5,32.2,4.970000000000001,162.5,1.64,2.41,49.69,9.242
2024-07-09 00:00:00,8.5,23.4,3.0039999999999996,216.8,1.44,9.9,44.3,7.8194285714285705
2024-07-09 12:00:00,8.3152,23.4,4.758,129.1,1.7,9.8,13.89,7.839428571428571
2024-07-10 00:00:00,8.5,28.1,2.3260000000000005,274.2,1.75,8.14,38.25,8.131142857142857
2024-07-10 12:00:00,8.5,28.9,0.05,392.6,1.14,6.93,23.82,8.366285714285713
2024-07-11 00:00:00,8.5,28.7,2.646,261.2,1.74,6.2,10.28,8.514
2024-07-11 12:00:00,8.5,21.4,3.636,175.2,1.93,,26.14,
2024-07-12 00:00:00,8.5,33.2,2.7860000000000005,276.7,2.45,3.6,19.39,8.99542857142857
2024-07-12 12:00:00,7.93,24.0,5.0,93.0,2.31,5.21,42.75,8.752285714285714
2024-07-13 00:00:00,8.5,21.9,0.05,361.0,2.42,,23.49,
2024-07-13 12:00:00,8.5,33.3,3.808,226.1,1.02,4.7,43.1,8.774571428571429
2024-07-14 00:00:00,8.5,34.3,4.284,207.3,1.44,4.85,10.02,8.735999999999999
2024-07-14 12:00:00,8.5,32.9,3.1879999999999997,255.1,2.32,3.97,22.31,8.924
2024-07-15 00:00:00,,,,268.7,1.97,6.08,19.65,
2024-07-15 12:00:00,7.751,29.8,5.0,75.1,1.01,8.66,19.34,8.012571428571427
2024-07-16 00:00:00,8.5,28.3,2.0520000000000005,288.9,2.61,2.81,12.73,9.195428571428572
2024-07-16 12:00:00,8.4034,21.3,4.436,134.7,2.55,9.41,17.48,7.935428571428572
2024-07-17 00:00:00,8.5,26.1,1.612000000000001,299.9,2.1,7.2,32.22,8.336285714285715
2024-07-17 12:00:00,8.5,25.6,0.8020000000000005,337.9,1.13,8.41,21.65,8.098571428571429
2024-07-18 00:00:00,8.5,23.9,0.762,331.4,2.53,6.01,26.7,8.593142857142857
2024-07-18 12:00:00,8.5,30.9,3.2219999999999995,243.4,2.17,8.02,25.07,8.131142857142859
2024-07-19 00:00:00,8.5,27.4,3.098,232.1,2.56,1.15,45.04,9.535142857142857
2024-07-19 12:00:00,8.0,21.2,5.0,100.0,2.5,8.37,,8.144285714285715
2024-07-20 00:00:00,8.5,23.3,0.9020000000000001,321.4,2.61,1.36,29.72,9.528285714285714
2024-07-20 12:00:00,8.45,30.2,5.0,145.0,2.04,9.01,23.21,7.939142857142858
2024-07-21 00:00:00,8.5,21.1,2.6340000000000003,223.8,1.28,9.93,14.27,7.833142857142858
2024-07-21 12:00:00,8.495000000000001,32.8,5.0,149.5,2.34,3.65,48.14,8.988857142857142
2024-07-22 00:00:00,7.968,27.4,5.0,96.8,2.24,,12.41,
2024-07-22 12:00:00,8.5,27.2,2.3139999999999996,270.3,2.48,7.89,21.91,8.188857142857144
2024-07-23 00:00:00,7.69,28.9,5.0,69.0,1.34,3.28,21.92,9.096285714285713
2024-07-23 12:00:00,8.5,32.4,2.0,312.0,1.39,8.79,22.82,7.964285714285714
2024-07-24 00:00:00,8.5,25.2,4.296,161.2,2.78,1.93,16.57,9.398000000000001
2024-07-24 12:00:00,7.5,30.2,5.0,50.0,2.5,2.13,41.33,9.315142857142858
2024-07-25 00:00:00,8.5,28.5,3.272,228.9,2.82,9.81,14.9,7.793714285714286
2024-07-25 12:00:00,7.664,24.0,5.0,66.4,2.52,7.06,35.4,8.382285714285715
2024-07-26 00:00:00,8.467,33.2,5.0,146.7,2.19,8.62,14.95,7.991428571428571
2024-07-26 12:00:00,8.5,32.0,2.2520000000000007,297.4,2.31,3.92,12.82,8.941714285714285
2024-07-27 00:00:00,7.719,29.9,5.0,71.9,2.78,7.09,46.38,8.325714285714287
2024-07-27 12:00:00,8.5,32.8,1.4039999999999995,343.8,2.16,6.35,,8.448857142857143
2024-07-28 00:00:00,7.513,33.0,5.0,51.3,2.26,,42.85,
2024-07-28 12:00:00,8.364,30.6,5.0,136.4,1.31,7.14,31.79,8.309714285714286
2024-07-29 00:00:00,8.5,32.6,2.0740000000000003,309.3,1.95,6.18,13.11,8.484571428571428
2024-07-29 12:00:00,8.5,30.5,4.836,160.7,2.43,4.86,48.22,8.76657142857143
2024-07-30 00:00:00,7.857,30.2,5.0,85.7,1.54,3.48,19.88,9.045142857142858
2024-07-30 12:00:00,8.5,29.3,4.408,176.1,1.4,7.92,44.39,8.164857142857143
2024-07-31 00:00:00,8.446,31.3,5.0,144.6,1.63,3.04,16.75,9.123714285714286
2024-07-31 12:00:00,8.5,22.4,0.3420000000000001,344.9,1.48,7.23,44.16,8.362
2024-08-01 00:00:00,8.5,33.2,5.0,159.7,1.43,3.1,10.53,9.09542857142857
2024-08-01 12:00:00,,,,326.1,1.85,6.63,30.47,
2024-08-02 00:00:00,8.5,20.4,0.05,362.2,2.82,,40.78,
2024-08-02 12:00:00,8.5,32.4,4.204,201.8,2.01,2.97,47.39,9.128285714285715
2024-08-03 00:00:00,8.5,21.9,0.05,368.5,1.38,1.54,46.37,9.504285714285714
2024-08-03 12:00:00,8.5,25.0,3.858,182.1,1.15,2.18,42.78,9.349714285714287
2024-08-04 00:00:00,8.5,31.2,0.3720000000000008,387.4,2.39,6.45,45.53,8.44257142857143
2024-08-04 12:00:00,7.813,22.4,5.0,81.3,1.77,8.65,17.97,8.078
2024-08-05 00:00:00,8.5,32.3,2.4199999999999995,290.5,2.64,1.4,21.37,9.443142857142858
2024-08-05 12:00:00,8.5,32.5,3.7939999999999996,222.8,2.32,7.61,21.56,8.199428571428571
2024-08-06 00:00:00,,,,185.7,2.59,4.07,25.08,
2024-08-06 12:00:00,8.5,20.1,1.5820000000000003,271.4,1.54,5.31,25.73,8.765714285714287
2024-08-07 00:00:00,8.5,24.3,1.504,296.3,2.38,9.36,31.78,7.919714285714285
2024-08-07 12:00:00,7.515,29.3,5.0,51.5,1.53,3.99,16.4,8.950857142857142
2024-08-08 00:00:00,8.084,34.7,5.0,108.4,2.88,5.19,37.65,8.664571428571428
2024-08-08 12:00:00,8.5,29.5,1.9579999999999993,299.6,2.27,1.12,16.7,9.523142857142856
2024-08-09 00:00:00,8.5,23.9,1.7260000000000004,283.2,1.65,1.73,22.41,9.449142857142856
2024-08-09 12:00:00,8.5,29.5,0.18799999999999972,388.1,1.54,3.33,30.13,9.081142857142856
2024-08-10 00:00:00,8.5,28.1,1.482000000000001,316.4,1.38,1.25,41.86,9.509142857142857
2024-08-10 12:00:00,8.5,31.7,0.5139999999999993,382.8,2.39,6.68,39.58,8.392285714285714
2024-08-11 00:00:00,8.5,21.6,1.2420000000000009,295.9,1.44,4.84,,8.846857142857143
2024-08-11 12:00:00,8.5,31.4,5.0,154.3,2.19,5.93,16.23,8.544857142857143
2024-08-12 00:00:00,7.869,28.1,5.0,86.9,1.53,2.57,31.88,9.245142857142858
2024-08-12 12:00:00,8.5,34.4,1.9679999999999995,323.6,2.32,3.66,13.5,8.973142857142857
2024-08-13 00:00:00,8.5,25.1,2.0000000000000004,275.5,2.63,6.97,25.09,8.390857142857143
2024-08-13 12:00:00,7.6690000000000005,29.5,5.0,66.9,2.56,9.69,26.54,7.809142857142857
2024-08-14 00:00:00,8.5,34.0,4.880000000000001,176.0,2.52,1.45,,9.418571428571429
2024-08-14 12:00:00,8.5,21.5,0.05,384.9,1.38,9.01,20.96,8.013714285714286
2024-08-15 00:00:00,8.5,34.1,3.9080000000000004,225.1,1.18,6.19,48.23,8.469714285714286
2024-08-15 12:00:00,8.5,30.3,4.0,201.5,2.4,6.08,48.15,8.524285714285714
2024-08-16 00:00:00,8.5,21.0,2.8960000000000004,210.2,1.74,5.5,24.09,8.72
2024-08-16 12:00:00,8.232199999999999,24.5,4.988,123.1,1.86,1.62,11.72,9.466
2024-08-17 00:00:00,8.5,30.6,4.48,179.0,1.06,,17.16,
2024-08-17 12:00:00,8.5,21.0,3.512,179.4,1.52,6.41,25.69,8.538
2024-08-18 00:00:00,7.683,28.7,5.0,68.3,1.07,4.07,47.91,8.94
2024-08-18 12:00:00,8.5,25.2,1.1479999999999992,318.6,2.76,9.26,15.65,7.932
2024-08-19 00:00:00,8.5,29.3,4.013999999999999,195.8,1.49,4.66,40.54,8.816857142857142
2024-08-19 12:00:00,8.5,20.7,0.3139999999999996,337.8,2.11,,14.35,
2024-08-20 00:00:00,,,,347.6,1.08,7.43,49.25,
2024-08-20 12:00:00,8.242,34.6,5.0,124.2,2.33,3.64,25.26,8.975428571428571
2024-08-21 00:00:00,8.5,34.5,2.848,280.1,1.65,5.73,41.01,8.558285714285713
2024-08-21 12:00:00,8.5,31.2,3.814,215.3,2.8,7.28,23.7,8.27657142857143
2024-08-22 00:00:00,8.5,22.0,0.05,358.1,2.78,9.1,35.11,7.991428571428571
2024-08-22 12:00:00,8.255,31.4,5.0,125.5,1.65,8.13,17.68,8.104857142857142
2024-08-23 00:00:00,,,,287.2,2.8,7.09,15.84,
2024-08-23 12:00:00,8.5,20.3,1.7760000000000007,262.7,2.99,7.12,47.52,8.402000000000001
2024-08-24 00:00:00,8.5,24.9,4.422000000000001,153.4,2.65,9.51,46.71,7.884571428571429
2024-08-24 12:00:00,7.978,27.3,5.0,97.8,2.69,3.66,45.5,9.034
2024-08-25 00:00:00,8.5,31.6,2.598,278.1,1.5,1.01,35.02,9.527142857142858
2024-08-25 12:00:00,8.5,30.2,1.85,308.5,2.15,3.45,42.33,9.051142857142858
2024-08-26 00:00:00,8.5,26.7,4.46,160.5,1.13,2.96,12.76,9.179142857142857
2024-08-26 12:00:00,8.5,24.1,1.896,275.7,1.19,6.96,23.39,8.401428571428571
2024-08-27 00:00:00,8.5,35.0,4.734,188.3,3.0,6.7,22.55,8.36
2024-08-27 12:00:00,8.5,26.4,1.6479999999999992,299.6,1.65,6.34,35.43,8.505714285714285
2024-08-28 00:00:00,8.197,26.8,5.0,119.7,2.5,1.15,24.24,9.540285714285714
2024-08-28 12:00:00,8.5,22.5,0.05,361.6,2.61,7.56,15.94,8.295142857142856
2024-08-29 00:00:00,8.5,31.9,5.0,150.6,2.72,3.91,33.86,8.944571428571429
2024-08-29 12:00:00,,,,178.7,3.0,,42.58,
2024-08-30 00:00:00,7.703,23.3,5.0,70.3,1.48,6.01,,8.598285714285714
2024-08-30 12:00:00,7.89,21.2,5.0,89.0,1.08,4.08,15.29,9.002285714285714
2024-08-31 00:00:00,8.5,30.2,3.408,230.6,1.82,2.21,,9.299142857142858
2024-08-31 12:00:00,8.437,29.8,5.0,143.7,1.26,1.85,19.5,9.374571428571429
2024-09-01 00:00:00,8.5,24.1,0.5620000000000003,342.4,1.04,8.48,22.0,8.097428571428571
2024-09-01 12:00:00,7.551,34.3,5.0,55.1,1.72,9.27,35.71,7.851999999999999
2024-09-02 00:00:00,8.5,22.3,3.576,182.7,2.57,6.85,34.04,8.438857142857142
2024-09-02 12:00:00,8.5,26.5,4.288,168.1,2.13,1.93,37.84,9.386857142857144
2024-09-03 00:00:00,7.568,34.2,5.0,56.8,1.63,4.62,24.5,8.782857142857143
2024-09-03 12:00:00,7.9350000000000005,26.3,5.0,93.5,2.31,7.56,42.96,8.262571428571428
2024-09-04 00:00:00,,,,194.8,1.46,8.02,18.16,
2024-09-04 12:00:00,8.5,26.0,3.15,222.5,1.03,2.06,28.76,9.365142857142857
2024-09-05 00:00:00,8.5,24.1,3.58,191.5,2.53,1.0,42.04,9.593428571428571
2024-09-05 12:00:00,,,,235.8,2.25,7.41,17.21,
2024-09-06 00:00:00,8.5,26.1,2.444,258.3,2.52,4.21,14.39,8.934285714285714
2024-09-06 12:00:00,7.535,33.4,5.0,53.5,1.08,3.29,45.35,9.055714285714286
2024-09-07 00:00:00,8.5,23.4,3.0919999999999996,212.4,2.67,1.12,23.72,9.57542857142857
2024-09-07 12:00:00,8.5,23.2,0.05,387.2,2.24,5.86,37.35,8.629142857142856
2024-09-08 00:00:00,8.5,20.5,2.416000000000001,231.7,2.13,8.66,11.01,8.092285714285715
2024-09-08 12:00:00,8.5,29.8,2.2379999999999995,287.1,2.25,9.62,37.6,7.820571428571428
2024-09-09 00:00:00,8.5,25.5,4.3660000000000005,159.2,2.73,6.09,22.64,8.563428571428572
2024-09-09 12:00:00,8.5,33.0,1.882000000000001,320.9,2.17,5.63,12.23,8.591142857142858
2024-09-10 00:00:00,8.5,27.1,1.3000000000000003,320.5,2.16,,34.39,
2024-09-10 12:00:00,8.5,34.5,3.8,232.5,2.98,5.94,19.63,8.516285714285713
2024-09-11 00:00:00,8.5,22.8,0.05,391.6,2.51,4.42,25.47,8.920571428571428
2024-09-11 12:00:00,7.939,33.0,5.0,93.9,1.88,,13.22,
2024-09-12 00:00:00,,,,55.9,2.41,4.5,15.89,
2024-09-12 12:00:00,8.5,31.6,1.7679999999999998,319.6,1.78,3.16,21.92,9.097142857142858
2024-09-13 00:00:00,8.5,32.7,1.62,332.5,1.46,1.85,13.59,9.349714285714287
2024-09-13 12:00:00,7.921,31.4,5.0,92.1,2.19,3.83,46.43,8.964857142857143
2024-09-14 00:00:00,8.43,29.4,5.0,143.0,2.86,1.87,10.24,9.373999999999999
2024-09-14 12:00:00,7.561,22.0,5.0,56.1,2.86,2.59,29.35,9.29342857142857
2024-09-15 00:00:00,8.5,20.5,3.9960000000000004,152.7,1.68,9.89,14.93,7.846285714285715
2024-09-15 12:00:00,8.5,33.8,1.967999999999999,320.6,2.06,5.0,22.31,8.710285714285714
2024-09-16 00:00:00,8.5,29.2,3.2939999999999996,231.3,1.42,5.79,,8.591714285714286
2024-09-16 12:00:00,8.5,31.9,4.754,171.8,2.99,8.86,,7.954571428571429
2024-09-17 00:00:00,8.5,27.2,4.118,180.1,2.96,9.96,48.63,7.774857142857143
2024-09-17 12:00:00,7.505,21.8,5.0,50.5,2.3,6.24,18.23,8.565142857142856
2024-09-18 00:00:00,8.5,21.9,4.092,154.9,2.61,8.31,39.66,8.150285714285713
2024-09-18 12:00:00,8.5,30.3,2.5039999999999996,276.3,2.43,3.94,31.87,8.952285714285715
2024-09-19 00:00:00,8.5,26.5,0.05,391.0,2.19,3.75,45.38,9.022857142857143
2024-09-19 12:00:00,,,,346.5,1.11,4.62,32.16,
2024-09-20 00:00:00,7.583,27.4,5.0,58.3,1.91,7.05,31.38,8.355142857142857
2024-09-20 12:00:00,8.5,21.0,0.05,364.5,2.35,7.14,17.82,8.392
2024-09-21 00:00:00,8.5,28.7,1.388,324.1,2.36,3.84,16.65,8.985999999999999
2024-09-21 12:00:00,8.5,24.0,0.9379999999999997,323.1,1.75,2.2,46.66,9.354285714285714
2024-09-22 00:00:00,8.5,32.0,3.9939999999999998,210.3,2.88,6.69,23.11,8.387714285714285
2024-09-22 12:00:00,8.5,24.7,3.6839999999999997,189.3,1.33,2.15,24.88,9.358285714285715
2024-09-23 00:00:00,8.5,26.8,4.5600000000000005,156.0,2.0,6.21,40.39,8.528285714285715
2024-09-23 12:00:00,7.73,20.2,5.0,73.0,2.38,7.24,23.55,8.378857142857143
2024-09-24 00:00:00,8.3478,21.1,4.5120000000000005,129.9,2.39,7.31,48.08,8.357142857142858
2024-09-24 12:00:00,8.3766,25.9,4.863999999999999,136.3,2.3,7.78,39.52,8.222000000000001
2024-09-25 00:00:00,8.5,27.2,3.3320000000000003,219.4,1.55,8.86,33.9,7.994857142857143
2024-09-25 12:00:00,8.5,29.0,1.6680000000000001,311.6,1.31,5.5,45.24,8.651428571428571
2024-09-26 00:00:00,8.5,24.4,3.123999999999999,215.8,2.27,7.57,11.98,8.276857142857143
2024-09-26 12:00:00,7.702,30.4,5.0,70.2,2.2,6.57,20.28,8.425428571428572
2024-09-27 00:00:00,8.5,32.9,0.5860000000000003,385.2,1.36,2.68,28.6,9.182
2024-09-27 12:00:00,8.5,31.7,0.5699999999999994,380.0,2.41,1.23,19.08,9.482285714285714
2024-09-28 00:00:00,8.5,20.6,0.5639999999999996,324.8,1.91,3.56,39.76,9.111428571428572
2024-09-28 12:00:00,8.5,27.2,0.05,397.0,2.34,4.99,46.77,8.768857142857144
2024-09-29 00:00:00,8.5,21.6,2.348,240.6,2.67,6.55,26.95,8.504857142857142
2024-09-29 12:00:00,8.5,23.6,0.05,387.0,1.34,8.65,23.69,8.067714285714285
2024-09-30 00:00:00,7.765,34.8,5.0,76.5,1.04,2.77,48.46,9.147714285714285
2024-09-30 12:00:00,8.5,22.1,3.6500000000000004,178.0,2.56,2.13,27.79,9.384571428571428
2024-10-01 00:00:00,8.289,27.5,5.0,128.9,2.22,9.67,29.56,7.830285714285714
2024-10-01 12:00:00,8.185,29.3,5.0,118.5,2.4,1.97,24.07,9.354857142857142
2024-10-02 00:00:00,7.993,30.5,5.0,99.3,2.68,5.31,46.38,8.67657142857143
2024-10-02 12:00:00,8.5,28.4,2.483999999999999,267.8,2.61,6.27,32.76,8.502571428571429
2024-10-03 00:00:00,,,,323.5,2.92,5.87,40.49,
2024-10-03 12:00:00,8.5,24.9,2.442,252.4,2.07,1.77,42.47,9.43257142857143
2024-10-04 00:00:00,,,,101.4,1.98,1.51,23.67,
2024-10-04 12:00:00,8.5,21.3,0.4520000000000004,333.9,1.8,1.95,27.35,9.427428571428571
2024-10-05 00:00:00,8.5,25.3,2.0779999999999994,272.6,1.31,6.27,43.94,8.529142857142858
2024-10-05 12:00:00,8.5,20.5,3.3320000000000003,185.9,2.15,5.9,24.53,8.644285714285715
2024-10-06 00:00:00,8.5,21.2,1.4020000000000001,285.9,1.55,3.1,41.76,9.198285714285714
2024-10-06 12:00:00,8.432,26.0,4.78,141.0,2.84,6.74,47.64,8.429142857142857
2024-10-07 00:00:00,8.5,22.0,3.784,170.8,2.17,8.38,34.93,8.135428571428571
2024-10-07 12:00:00,8.5,28.5,0.4279999999999995,371.1,2.19,1.37,,9.481714285714286
2024-10-08 00:00:00,8.5,30.3,4.996,151.7,1.71,5.48,42.2,8.644285714285715
2024-10-08 12:00:00,8.5,32.0,3.91,214.5,1.1,7.2,,8.285714285714286
2024-10-09 00:00:00,8.5,23.0,0.06999999999999984,361.5,1.06,3.27,25.8,9.148857142857143
2024-10-09 12:00:00,,,,297.7,1.85,3.77,12.05,
2024-10-10 00:00:00,7.718,21.6,5.0,71.8,1.17,6.52,26.08,8.510857142857143
2024-10-10 12:00:00,,,,101.6,2.21,9.08,36.95,
2024-10-11 00:00:00,7.527,30.6,5.0,52.7,2.76,8.29,28.01,8.079714285714287
2024-10-11 12:00:00,8.5,20.5,1.634,270.8,2.77,6.25,39.96,8.574285714285715
2024-10-12 00:00:00,8.5,34.0,4.266000000000001,206.7,2.32,,24.28,
2024-10-12 12:00:00,7.97,20.8,5.0,97.0,1.42,4.28,35.39,8.965714285714286
2024-10-13 00:00:00,8.5,28.1,0.10400000000000009,385.3,2.73,6.77,17.46,8.405142857142856
2024-10-13 12:00:00,8.5,30.6,3.3520000000000003,235.4,2.77,,39.97,
2024-10-14 00:00:00,8.347,33.1,5.0,134.7,1.39,2.71,,9.174285714285714
2024-10-14 12:00:00,8.5,30.7,3.5660000000000007,225.2,2.47,7.32,18.16,8.272857142857143
2024-10-15 00:00:00,8.5,32.0,2.442,287.9,1.57,6.01,21.68,8.523714285714286
2024-10-15 12:00:00,7.767,25.1,5.0,76.7,2.61,4.23,39.94,8.938857142857144
2024-10-16 00:00:00,8.461,32.2,5.0,146.1,2.99,9.2,29.3,7.884
2024-10-16 12:00:00,8.5,21.2,0.4720000000000004,332.4,1.06,1.19,18.64,9.580285714285715
2024-10-17 00:00:00,8.5,33.4,4.122,210.9,2.79,3.84,48.69,8.945714285714285
2024-10-17 12:00:00,8.5,28.2,2.9939999999999998,241.3,2.25,1.51,38.61,9.456285714285714
2024-10-18 00:00:00,8.5,32.3,4.199999999999999,201.5,2.95,7.9,48.29,8.143142857142857
2024-10-18 12:00:00,7.654,26.8,5.0,65.4,1.93,,27.08,
2024-10-19 00:00:00,8.08,29.7,5.0,108.0,2.69,3.98,29.0,8.949428571428571
2024-10-19 12:00:00,8.5,27.9,3.6719999999999997,205.9,1.12,7.08,45.92,8.344857142857142
2024-10-20 00:00:00,8.232,31.0,5.0,123.2,1.67,4.56,31.0,8.822285714285716
2024-10-20 12:00:00,7.675,21.2,5.0,67.5,1.13,7.81,38.29,8.256285714285715
2024-10-21 00:00:00,8.5,20.9,0.18399999999999928,345.3,2.95,5.09,20.09,8.802857142857142
2024-10-21 12:00:00,8.5,23.7,0.05,393.4,2.63,4.71,27.87,8.854857142857142
2024-10-22 00:00:00,8.5,22.4,0.6879999999999993,327.6,2.71,9.41,14.94,7.926
2024-10-22 12:00:00,8.5,33.1,1.3340000000000005,348.8,2.88,3.26,18.24,9.064285714285715
2024-10-23 00:00:00,8.3834,23.3,4.636,134.7,1.17,2.08,10.04,9.384285714285713
2024-10-23 12:00:00,8.5,34.6,0.7360000000000002,386.2,1.77,6.26,11.57,8.45142857142857
2024-10-24 00:00:00,8.189,25.1,5.0,118.9,1.14,,49.09,
2024-10-24 12:00:00,8.5,22.7,0.05,383.0,1.42,4.4,19.69,8.92542857142857
2024-10-25 00:00:00,8.5,31.8,0.21600000000000064,398.2,1.46,1.56,36.53,9.415428571428572
2024-10-25 12:00:00,8.5,29.9,2.008,299.1,1.94,4.05,43.56,8.933714285714286
2024-10-26 00:00:00,8.5,27.5,0.05,393.4,1.54,5.55,32.03,8.654285714285715
2024-10-26 12:00:00,8.5,28.3,2.8439999999999994,249.3,1.2,2.46,,9.265428571428572
2024-10-27 00:00:00,8.408,30.8,5.0,140.8,1.33,6.92,39.12,8.352
2024-10-27 12:00:00,8.5,23.4,3.282,202.9,1.29,9.98,34.01,7.8034285714285705
2024-10-28 00:00:00,8.5,34.9,3.3360000000000003,257.7,2.95,5.07,39.25,8.686857142857143
2024-10-28 12:00:00,7.756,34.6,5.0,75.6,2.52,4.19,40.79,8.86542857142857
2024-10-29 00:00:00,8.5,29.8,2.6239999999999997,267.8,2.94,4.61,49.02,8.822571428571427
2024-10-29 12:00:00,8.5,23.0,0.05,393.4,1.88,2.04,32.94,9.394857142857143
2024-10-30 00:00:00,8.165,30.2,5.0,116.5,1.56,8.95,23.67,7.951142857142858
2024-10-30 12:00:00,8.5,21.1,0.5620000000000003,327.4,2.6,4.73,35.94,8.873142857142858
2024-10-31 00:00:00,8.5,20.5,0.05,367.8,1.65,4.49,12.74,8.926285714285715
2024-10-31 12:00:00,8.5,23.9,0.05,380.3,1.6,6.94,45.9,8.407142857142857
2024-11-01 00:00:00,8.5,26.9,0.05,386.0,1.47,,14.78,
2024-11-01 12:00:00,8.5,33.0,3.65,232.5,1.26,6.83,23.11,8.351142857142857
2024-11-02 00:00:00,8.5,30.9,0.24799999999999933,392.1,1.51,1.55,,9.425142857142857
2024-11-02 12:00:00,8.5,31.1,1.8079999999999998,315.1,1.71,8.32,33.89,8.069428571428572
2024-11-03 00:00:00,8.066,26.4,5.0,106.6,2.35,9.46,25.75,7.881714285714286
2024-11-03 12:00:00,8.5,25.2,3.182,216.9,1.13,6.84,28.94,8.416
2024-11-04 00:00:00,8.5,25.6,1.532000000000001,301.4,1.42,9.59,44.18,7.862571428571429
2024-11-04 12:00:00,8.366,34.8,5.0,136.6,2.62,2.36,23.6,9.229714285714286
2024-11-05 00:00:00,8.5,20.6,1.576,274.2,1.29,5.3,44.79,8.763428571428571
2024-11-05 12:00:00,8.5,33.0,2.634,283.3,1.69,6.42,13.53,8.433142857142856
2024-11-06 00:00:00,8.069,28.7,5.0,106.9,2.73,6.24,41.07,8.506
2024-11-06 12:00:00,8.5,26.6,2.7039999999999997,247.8,1.31,4.61,,8.85
2024-11-07 00:00:00,8.5,30.9,1.6879999999999988,320.1,1.17,4.04,17.27,8.927142857142858
2024-11-07 12:00:00,8.5,27.3,3.2380000000000004,224.6,1.97,2.14,27.21,9.338
2024-11-08 00:00:00,7.542,33.1,5.0,54.2,1.6,4.53,16.62,8.810285714285714
2024-11-08 12:00:00,7.532,33.5,5.0,53.2,2.13,2.46,38.26,9.220857142857142
2024-11-09 00:00:00,8.5,26.3,4.130000000000001,175.0,2.61,7.61,31.41,8.252571428571429
2024-11-09 12:00:00,8.5,24.2,0.05,374.2,1.27,2.88,35.41,9.216571428571427
2024-11-10 00:00:00,8.3,28.9,5.0,130.0,2.16,1.53,,9.446285714285715
2024-11-10 12:00:00,8.5,33.7,2.93,272.0,2.01,5.97,18.47,8.517142857142858
2024-11-11 00:00:00,8.3004,23.2,4.766,127.7,1.29,,11.66,
2024-11-11 12:00:00,8.5,29.3,4.678000000000001,162.6,2.25,8.85,22.88,7.978857142857143
2024-11-12 00:00:00,8.5,29.5,1.0140000000000002,346.8,1.55,6.19,32.39,8.509142857142857
2024-11-12 12:00:00,8.5,31.0,1.9979999999999998,305.1,1.98,4.11,44.32,8.912285714285716
2024-11-13 00:00:00,7.834,22.0,5.0,83.4,1.16,8.23,36.68,8.16542857142857
2024-11-13 12:00:00,8.5,30.7,4.07,200.0,1.92,5.86,27.42,8.564857142857143
2024-11-14 00:00:00,7.602,33.6,5.0,60.2,1.61,1.71,48.12,9.37
2024-11-14 12:00:00,8.5,22.7,2.9039999999999995,218.3,2.64,6.09,38.77,8.587428571428571
2024-11-15 00:00:00,8.5,23.6,1.7220000000000004,281.9,1.11,9.17,47.21,7.9637142857142855
2024-11-15 12:00:00,7.915,34.6,5.0,91.5,1.84,4.57,31.1,8.789428571428571
2024-11-16 00:00:00,8.5,22.7,4.248,151.1,1.92,3.67,20.36,9.071428571428571
2024-11-16 12:00:00,8.5,32.8,4.496,189.2,2.45,2.29,12.11,9.260857142857143
2024-11-17 00:00:00,8.5,27.4,0.30400000000000027,371.8,2.15,2.36,39.04,9.293142857142858
2024-11-17 12:00:00,8.5,23.7,0.05,397.6,2.33,4.89,14.85,8.818857142857143
2024-11-18 00:00:00,7.657,33.1,5.0,65.7,2.55,6.36,22.11,8.444285714285714
2024-11-18 12:00:00,8.5,26.7,1.3420000000000005,316.4,2.72,1.73,,9.425142857142857
2024-11-19 00:00:00,8.5,27.7,4.168,180.1,1.63,9.46,32.58,7.870571428571428
2024-11-19 12:00:00,8.5,25.4,3.792,187.4,2.08,7.8,34.02,8.222285714285714
2024-11-20 00:00:00,8.5,28.9,1.6099999999999999,314.0,2.68,6.28,16.65,8.496285714285714
2024-11-20 12:00:00,8.5,22.5,0.05,371.4,2.98,8.46,25.19,8.115142857142857
2024-11-21 00:00:00,8.5,25.9,0.05,382.8,2.78,1.72,,9.434000000000001
2024-11-21 12:00:00,8.5,34.5,3.41,252.0,1.74,5.29,48.79,8.646285714285714
2024-11-22 00:00:00,8.5,23.9,3.89,175.0,1.39,6.67,39.11,8.461142857142857
2024-11-22 12:00:00,8.5,29.9,1.4779999999999998,325.6,1.98,8.46,46.9,8.051714285714286
2024-11-23 00:00:00,8.4058,24.9,4.732,137.9,2.48,8.05,40.49,8.176571428571428
2024-11-23 12:00:00,8.5,31.6,3.2119999999999997,247.4,1.99,3.49,33.67,9.031142857142857
2024-11-24 00:00:00,8.5,22.0,3.69,175.5,1.97,9.47,17.68,7.917428571428571
2024-11-24 12:00:00,8.5,34.5,2.854,279.8,2.68,2.12,36.67,9.280285714285714
2024-11-25 00:00:00,8.341199999999999,26.8,4.998,134.1,1.72,8.88,34.94,7.994285714285715
2024-11-25 12:00:00,8.171,23.5,5.0,117.1,2.72,9.74,34.1,7.850571428571428
2024-11-26 00:00:00,8.5,21.1,0.05,371.4,1.81,2.59,29.59,9.301142857142857
2024-11-26 12:00:00,7.856,22.5,5.0,85.6,1.66,7.5,31.15,8.307142857142857
2024-11-27 00:00:00,8.5,27.8,3.2380000000000004,227.1,1.91,1.36,23.38,9.489714285714285
2024-11-27 12:00:00,8.2766,25.1,4.964,127.3,2.52,4.65,30.77,8.854857142857144
2024-11-28 00:00:00,7.636,32.4,5.0,63.6,1.25,5.65,17.9,8.592285714285714
2024-11-28 12:00:00,,,,62.6,1.39,6.23,42.21,
2024-11-29 00:00:00,8.113,23.7,5.0,111.3,2.9,9.42,17.43,7.912857142857142
2024-11-29 12:00:00,8.5,29.3,0.8620000000000005,353.4,1.35,7.05,13.4,8.338857142857142
2024-11-30 00:00:00,8.489,30.6,5.0,148.9,2.14,5.33,27.45,8.671714285714286
2024-11-30 12:00:00,8.5,22.5,0.05,382.7,2.16,8.29,36.33,8.149142857142857
2024-12-01 00:00:00,8.5,22.5,2.178,253.6,1.98,9.55,27.51,7.897142857142857
2024-12-01 12:00:00,8.5,20.6,3.004,202.8,2.29,1.2,,9.583428571428572
2024-12-02 00:00:00,8.5,31.0,3.0399999999999996,253.0,1.46,9.84,32.33,7.766285714285715
2024-12-02 12:00:00,8.5,30.0,3.3839999999999995,230.8,2.11,1.78,23.88,9.386857142857144
2024-12-03 00:00:00,8.5,27.1,1.3980000000000001,315.6,1.74,8.33,47.31,8.101714285714285
2024-12-03 12:00:00,8.489,32.7,5.0,148.9,2.32,3.52,46.91,9.015714285714285
2024-12-04 00:00:00,8.5,32.1,4.738,173.6,1.28,2.19,30.09,9.286857142857142
2024-12-04 12:00:00,,,,362.9,2.14,4.96,23.12,
2024-12-05 00:00:00,8.5,33.0,0.6739999999999999,381.3,1.37,6.8,39.49,8.357142857142858
2024-12-05 12:00:00,8.5,23.1,0.06200000000000072,362.4,1.56,4.43,11.47,8.916
2024-12-06 00:00:00,8.5,21.7,3.2339999999999995,196.8,1.44,1.49,28.99,9.516
2024-12-06 12:00:00,8.5,24.0,0.9379999999999997,323.1,1.37,6.4,23.45,8.514285714285712
2024-12-07 00:00:00,8.5,20.9,2.7560000000000002,216.7,2.65,9.12,46.82,7.996857142857143
2024-12-07 12:00:00,8.5,28.0,3.318,224.1,1.57,4.45,10.48,8.87
2024-12-08 00:00:00,8.216,34.0,5.0,121.6,2.85,2.95,32.11,9.118571428571428
2024-12-08 12:00:00,8.5,20.6,1.9220000000000002,256.9,2.94,4.98,39.63,8.827428571428571
2024-12-09 00:00:00,8.1632,21.8,4.878,115.1,2.14,,29.4,
2024-12-09 12:00:00,8.5,26.8,4.359999999999999,166.0,1.29,8.38,13.42,8.094285714285714
2024-12-10 00:00:00,8.5,34.0,1.4139999999999997,349.3,1.75,8.44,48.9,8.020571428571428
2024-12-10 12:00:00,8.225,24.7,5.0,122.5,2.6,6.29,30.72,8.530285714285714
2024-12-11 00:00:00,7.7490000000000006,27.6,5.0,74.9,1.73,,34.57,
2024-12-11 12:00:00,7.742,20.6,5.0,74.2,1.17,8.2,19.46,8.183428571428571
2024-12-12 00:00:00,8.5,22.2,0.05,379.3,2.11,5.99,29.34,8.611714285714285
2024-12-12 12:00:00,8.5,34.8,3.932,227.4,2.69,8.43,27.17,8.015714285714285
2024-12-13 00:00:00,8.5,34.5,4.584,193.3,2.59,6.68,13.0,8.368285714285713
2024-12-13 12:00:00,8.5,20.1,0.3340000000000001,333.8,1.35,8.06,14.25,8.215714285714286
2024-12-14 00:00:00,8.5,34.3,1.5799999999999992,342.5,2.35,6.39,43.5,8.427999999999999
2024-12-14 12:00:00,8.5,29.6,4.634,166.3,1.44,4.73,19.59,8.800285714285714
2024-12-15 00:00:00,8.5,33.0,2.4439999999999995,292.8,1.44,9.62,17.8,7.793142857142858
2024-12-15 12:00:00,8.5,26.8,1.2820000000000005,319.9,2.75,5.87,,8.596285714285715
2024-12-16 00:00:00,8.5,27.7,2.1879999999999993,279.1,1.5,6.45,40.75,8.472571428571428
2024-12-16 12:00:00,8.031,27.3,5.0,103.1,1.53,2.98,12.48,9.17
2024-12-17 00:00:00,8.5,30.0,0.8679999999999994,356.6,1.0,6.63,33.07,8.416857142857143
2024-12-17 12:00:00,8.5,22.1,2.4360000000000004,238.7,2.74,6.14,14.77,8.582571428571429
2024-12-18 00:00:00,8.5,20.4,4.061999999999999,148.9,2.59,2.66,11.46,9.293142857142858
2024-12-18 12:00:00,8.5,24.6,3.484,198.8,2.25,1.54,12.11,9.481142857142856
2024-12-19 00:00:00,7.631,30.6,5.0,63.1,2.5,6.44,43.37,8.449714285714286
2024-12-19 12:00:00,,,,94.8,1.3,7.87,14.72,
2024-12-20 00:00:00,8.5,30.1,1.6520000000000006,317.9,1.92,5.71,11.81,8.600000000000001
2024-12-20 12:00:00,7.5,34.5,5.0,50.0,1.7,3.04,27.52,9.096285714285713
2024-12-21 00:00:00,8.5,21.4,3.2239999999999998,195.8,1.19,7.0,43.76,8.416571428571428
2024-12-21 12:00:00,8.5,30.1,3.352,232.9,1.97,1.72,20.5,9.398000000000001
2024-12-22 00:00:00,7.691,26.7,5.0,69.1,2.84,4.98,26.87,8.775142857142857
2024-12-22 12:00:00,8.5,33.0,0.488,390.6,1.08,2.47,11.6,9.223142857142857
2024-12-23 00:00:00,8.3222,22.7,4.688000000000001,129.1,1.58,2.66,27.96,9.273428571428571
2024-12-23 12:00:00,8.5,30.4,4.91,156.5,1.42,2.82,33.1,9.175428571428572
2024-12-24 00:00:00,8.5,32.6,5.0,156.4,1.48,4.48,32.84,8.824571428571428
2024-12-24 12:00:00,8.306000000000001,34.2,5.0,130.6,2.82,1.46,23.3,9.414857142857143
2024-12-25 00:00:00,7.505,30.2,5.0,50.5,1.94,4.58,22.62,8.825142857142858
2024-12-25 12:00:00,8.5,27.5,1.6439999999999992,305.3,1.93,,14.26,
2024-12-26 00:00:00,8.5,29.3,0.16200000000000037,388.4,2.52,5.35,24.67,8.678857142857142
2024-12-26 12:00:00,8.285,33.0,5.0,128.5,1.31,4.45,13.98,8.827142857142857
2024-12-27 00:00:00,,,,282.1,1.97,8.55,40.66,
2024-12-27 12:00:00,8.5,20.5,0.8560000000000003,309.7,1.86,,48.65,
2024-12-28 00:00:00,8.5,34.0,1.4620000000000006,346.9,2.19,5.55,48.8,8.598571428571429
2024-12-28 12:00:00,8.5,30.3,4.072,197.9,3.0,1.56,44.6,9.428285714285716
2024-12-29 00:00:00,8.5,30.1,4.890000000000001,156.0,2.54,1.64,34.03,9.414000000000001
2024-12-29 12:00:00,8.5,23.2,4.042,163.9,1.8,6.16,38.03,8.569142857142857
2024-12-30 00:00:00,8.5,29.9,2.0020000000000007,299.4,2.66,6.09,21.41,8.525714285714287
2024-12-30 12:00:00,8.5,25.9,0.8719999999999999,335.9,1.34,,35.23,
2024-12-31 00:00:00,8.136,29.8,5.0,113.6,1.06,6.02,28.23,8.540571428571427
